period,Return,corp_code,Ex_Return,Next_Ex_Return
2020Q2,0.15816326530612246,00111193,0.14941326530612245,-0.017560572687224628
2020Q3,-0.008810572687224627,00111193,-0.017560572687224628,0.3645833333333333
2020Q4,0.3733333333333333,00111193,0.3645833333333333,0.08186488673139161
2021Q1,0.09061488673139162,00111193,0.08186488673139161,0.11587908011869444
2021Q2,0.12462908011869445,00111193,0.11587908011869444,-0.11165237467018471
2021Q3,-0.1029023746701847,00111193,-0.11165237467018471,-0.12639705882352945
2021Q4,-0.11764705882352944,00111193,-0.12639705882352945,-0.02875000000000002
2022Q1,-0.020000000000000018,00111193,-0.02875000000000002,-0.1550085034013606
2022Q2,-0.1462585034013606,00111193,-0.1550085034013606,-0.0764790836653387
2022Q3,-0.0677290836653387,00111193,-0.0764790836653387,0.01689102564102555
2022Q4,0.02564102564102555,00111193,0.01689102564102555,-0.11458333333333334
2023Q1,-0.10583333333333333,00111193,-0.11458333333333334,0.20280638397017706
2023Q2,0.21155638397017706,00111193,0.20280638397017706,-0.16259615384615386
2023Q3,-0.15384615384615385,00111193,-0.16259615384615386,0.05670454545454543
2023Q4,0.06545454545454543,00111193,0.05670454545454543,0.0868131399317407
2024Q1,0.0955631399317407,00111193,0.0868131399317407,0.06991043613707174
2024Q2,0.07866043613707174,00111193,0.06991043613707174,-0.13799187725631765
2024Q3,-0.12924187725631764,00111193,-0.13799187725631765,0.05675580431177444
2024Q4,0.06550580431177444,00111193,0.05675580431177444,0.22237840466926076
2025Q1,0.23112840466926077,00111193,0.22237840466926076,0.49883533501896343
2025Q2,0.5075853350189634,00111193,0.49883533501896343,0.21137578616352196
2025Q3,0.22012578616352196,00111193,0.21137578616352196,-0.056859965635738884
2025Q4,-0.04810996563573888,00111193,-0.056859965635738884,-0.1242734657039711
2026Q1,-0.1155234657039711,00111193,-0.1242734657039711,-0.11691326530612242
2020Q2,1.0111306385471588,00111704,1.0023806385471588,-0.1288864903666098
2020Q3,-0.12013649036660978,00111704,-0.1288864903666098,0.14249858115777528
2020Q4,0.15124858115777529,00111704,0.14249858115777528,0.024115006983813893
2021Q1,0.032865006983813894,00111704,0.024115006983813893,0.2562647164107868
2021Q2,0.2650147164107868,00111704,0.2562647164107868,-0.2573587093224336
2021Q3,-0.24860870932243362,00111704,-0.2573587093224336,-0.1518582098920412
2021Q4,-0.1431082098920412,00111704,-0.1518582098920412,0.06713631702314674
2022Q1,0.07588631702314674,00111704,0.06713631702314674,-0.040975853304284625
2022Q2,-0.032225853304284624,00111704,-0.040975853304284625,-0.21918992120814182
2022Q3,-0.2104399212081418,00111704,-0.21918992120814182,-0.00875
2022Q4,0.0,00111704,-0.00875,0.284151692901693
2023Q1,0.292901692901693,00111704,0.284151692901693,0.5300260727740513
2023Q2,0.5387760727740514,00111704,0.5300260727740513,-0.08467631296091724
2023Q3,-0.07592631296091723,00111704,-0.08467631296091724,-0.19776453957996773
2023Q4,-0.18901453957996772,00111704,-0.19776453957996773,0.09085159362549791
2024Q1,0.09960159362549792,00111704,0.09085159362549791,0.0981340579710144
2024Q2,0.10688405797101441,00111704,0.0981340579710144,-0.00875
2024Q3,0.0,00111704,-0.00875,0.21383592471358417
2024Q4,0.22258592471358418,00111704,0.21383592471358417,0.7877694109772422
2025Q1,0.7965194109772422,00111704,0.7877694109772422,0.17455849478390453
2025Q2,0.18330849478390454,00111704,0.17455849478390453,0.38041876574307315
2025Q3,0.38916876574307313,00111704,0.38041876574307315,0.021168404351767957
2025Q4,0.029918404351767958,00111704,0.021168404351767957,0.04934859154929575
2026Q1,0.05809859154929575,00111704,0.04934859154929575,0.024527870216306126
2020Q2,0.5256723716381417,00126478,0.5169223716381417,-0.11291666666666664
2020Q3,-0.10416666666666663,00126478,-0.11291666666666664,0.31206097197376265
2020Q4,0.3208109719737626,00126478,0.31206097197376265,0.09493698269375475
2021Q1,0.10368698269375476,00126478,0.09493698269375475,-0.1452375920370875
2021Q2,-0.1364875920370875,00126478,-0.1452375920370875,-0.029751105321332703
2021Q3,-0.021001105321332703,00126478,-0.029751105321332703,-0.09423387096774191
2021Q4,-0.0854838709677419,00126478,-0.09423387096774191,-0.0069863315696649594
2022Q1,0.0017636684303350414,00126478,-0.0069863315696649594,0.05991197183098599
2022Q2,0.06866197183098599,00126478,0.05991197183098599,-0.13395593080724874
2022Q3,-0.12520593080724873,00126478,-0.13395593080724874,-0.04641478342749524
2022Q4,-0.03766478342749524,00126478,-0.04641478342749524,0.0029916829745597964
2023Q1,0.011741682974559797,00126478,0.0029916829745597964,0.2813853965183753
2023Q2,0.2901353965183753,00126478,0.2813853965183753,0.16666229385307355
2023Q3,0.17541229385307355,00126478,0.16666229385307355,-0.02022959183673475
2023Q4,-0.011479591836734748,00126478,-0.02022959183673475,0.09576612903225803
2024Q1,0.10451612903225804,00126478,0.09576612903225803,0.08353971962616827
2024Q2,0.09228971962616828,00126478,0.08353971962616827,0.06397727272727274
2024Q3,0.07272727272727275,00126478,0.06397727272727274,0.11787013958125628
2024Q4,0.12662013958125629,00126478,0.11787013958125628,0.18417035398230078
2025Q1,0.19292035398230079,00126478,0.18417035398230078,0.23457344213649847
2025Q2,0.24332344213649848,00126478,0.23457344213649847,0.2979325775656326
2025Q3,0.30668257756563255,00126478,0.2979325775656326,0.09170662100456631
2025Q4,0.10045662100456632,00126478,0.09170662100456631,0.005772821576763433
2026Q1,0.014522821576763434,00126478,0.005772821576763433,0.15280419222903888
2020Q2,0.06043956043956045,00137012,0.051689560439560446,-0.04761010362694303
2020Q3,-0.03886010362694303,00137012,-0.04761010362694303,0.6624090296495957
2020Q4,0.6711590296495957,00137012,0.6624090296495957,-0.2006854838709677
2021Q1,-0.1919354838709677,00137012,-0.2006854838709677,-0.00875
2021Q2,0.0,00137012,-0.00875,-0.00875
2021Q3,0.0,00137012,-0.00875,-0.00875
2021Q4,0.0,00137012,-0.00875,-0.00875
2022Q1,0.0,00137012,-0.00875,-0.00875
2022Q2,0.0,00137012,-0.00875,-0.00875
2022Q3,0.0,00137012,-0.00875,-0.00875
2022Q4,0.0,00137012,-0.00875,0.48825598802395215
2023Q1,0.4970059880239521,00137012,0.48825598802395215,0.27391666666666664
2023Q2,0.2826666666666666,00137012,0.27391666666666664,-0.09191008316008317
2023Q3,-0.08316008316008316,00137012,-0.09191008316008317,-0.0949178004535147
2023Q4,-0.08616780045351469,00137012,-0.0949178004535147,-0.029841811414392093
2024Q1,-0.021091811414392092,00137012,-0.029841811414392093,0.1420738276299112
2024Q2,0.1508238276299112,00137012,0.1420738276299112,-0.20037995594713662
2024Q3,-0.1916299559471366,00137012,-0.20037995594713662,-0.123191416893733
2024Q4,-0.114441416893733,00137012,-0.123191416893733,-0.03951923076923077
2025Q1,-0.03076923076923077,00137012,-0.03951923076923077,0.05950396825396823
2025Q2,0.06825396825396823,00137012,0.05950396825396823,0.31071508172362555
2025Q3,0.31946508172362553,00137012,0.31071508172362555,-0.07181306306306309
2025Q4,-0.06306306306306309,00137012,-0.07181306306306309,-0.1229326923076923
2026Q1,-0.11418269230769229,00137012,-0.1229326923076923,-0.11187075983717773
2020Q2,1.079722703639515,00141608,1.070972703639515,0.8745833333333333
2020Q3,0.8833333333333333,00141608,0.8745833333333333,0.07974557522123885
2020Q4,0.08849557522123885,00141608,0.07974557522123885,0.5319004065040651
2021Q1,0.5406504065040652,00141608,0.5319004065040651,0.39494393139841694
2021Q2,0.4036939313984169,00141608,0.39494393139841694,-0.19953947368421052
2021Q3,-0.1907894736842105,00141608,-0.19953947368421052,-0.15509146341463417
2021Q4,-0.14634146341463417,00141608,-0.15509146341463417,-0.029158163265306146
2022Q1,-0.020408163265306145,00141608,-0.029158163265306146,-0.17680555555555552
2022Q2,-0.1680555555555555,00141608,-0.17680555555555552,-0.11058639398998335
2022Q3,-0.10183639398998334,00141608,-0.11058639398998335,-0.15559014869888474
2022Q4,-0.14684014869888473,00141608,-0.15559014869888474,0.1764351851851851
2023Q1,0.18518518518518512,00141608,0.1764351851851851,0.3533823529411764
2023Q2,0.3621323529411764,00141608,0.3533823529411764,-0.18553812415654522
2023Q3,-0.1767881241565452,00141608,-0.18553812415654522,-0.07268442622950819
2023Q4,-0.06393442622950818,00141608,-0.07268442622950819,0.12084719789842382
2024Q1,0.12959719789842383,00141608,0.12084719789842382,0.14473837209302334
2024Q2,0.15348837209302335,00141608,0.14473837209302334,0.034260752688172004
2024Q3,0.043010752688172005,00141608,0.034260752688172004,0.3340335051546391
2024Q4,0.34278350515463907,00141608,0.3340335051546391,-0.10759836852207291
2025Q1,-0.0988483685220729,00141608,-0.10759836852207291,0.20104765708200215
2025Q2,0.20979765708200215,00141608,0.20104765708200215,0.6585035211267605
2025Q3,0.6672535211267605,00141608,0.6585035211267605,-0.19460005279831047
2025Q4,-0.18585005279831046,00141608,-0.19460005279831047,-0.21627269779507138
2026Q1,-0.20752269779507138,00141608,-0.21627269779507138,0.010889934533551617
2020Q2,0.3507194244604317,00159795,0.3419694244604317,0.2615562583222371
2020Q3,0.2703062583222371,00159795,0.2615562583222371,0.4011032494758911
2020Q4,0.4098532494758911,00159795,0.4011032494758911,-0.09425185873605954
2021Q1,-0.08550185873605953,00159795,-0.09425185873605954,-0.04127032520325199
2021Q2,-0.03252032520325199,00159795,-0.04127032520325199,-0.012951680672268893
2021Q3,-0.004201680672268893,00159795,-0.012951680672268893,-0.10157700421940927
2021Q4,-0.09282700421940926,00159795,-0.10157700421940927,0.08427325581395342
2022Q1,0.09302325581395343,00159795,0.08427325581395342,0.2338031914893617
2022Q2,0.24255319148936172,00159795,0.2338031914893617,-0.19368150684931504
2022Q3,-0.18493150684931503,00159795,-0.19368150684931504,-0.0801785714285714
2022Q4,-0.0714285714285714,00159795,-0.0801785714285714,0.10256221719457018
2023Q1,0.11131221719457018,00159795,0.10256221719457018,-0.06005293159609123
2023Q2,-0.05130293159609123,00159795,-0.06005293159609123,0.06850321888412017
2023Q3,0.07725321888412018,00159795,0.06850321888412017,-0.08125996015936252
2023Q4,-0.07250996015936251,00159795,-0.08125996015936252,-0.08692869415807566
2024Q1,-0.07817869415807566,00159795,-0.08692869415807566,-0.00875
2024Q2,0.0,00159795,-0.00875,-0.0012942684063374718
2024Q3,0.007455731593662529,00159795,-0.0012942684063374718,0.07820652173913037
2024Q4,0.08695652173913038,00159795,0.07820652173913037,0.14359042553191495
2025Q1,0.15234042553191496,00159795,0.14359042553191495,0.9114863367799113
2025Q2,0.9202363367799113,00159795,0.9114863367799113,0.24894230769230766
2025Q3,0.25769230769230766,00159795,0.24894230769230766,-0.09590596330275233
2025Q4,-0.08715596330275233,00159795,-0.09590596330275233,0.2927575376884422
2026Q1,0.3015075376884422,00159795,0.2927575376884422,-0.11943211068211065
2020Q2,0.1119592875318065,00164830,0.1032092875318065,-0.06252574370709382
2020Q3,-0.053775743707093815,00164830,-0.06252574370709382,0.30322097944377263
2020Q4,0.3119709794437726,00164830,0.30322097944377263,0.22166474654377868
2021Q1,0.2304147465437787,00164830,0.22166474654377868,-0.005004681647940067
2021Q2,0.0037453183520599342,00164830,-0.005004681647940067,-0.24755597014925376
2021Q3,-0.23880597014925375,00164830,-0.24755597014925376,-0.08129901960784311
2021Q4,-0.0725490196078431,00164830,-0.08129901960784311,-0.06900369978858353
2022Q1,-0.060253699788583526,00164830,-0.06900369978858353,0.04749296962879649
2022Q2,0.05624296962879649,00164830,0.04749296962879649,-0.2323921725239617
2022Q3,-0.22364217252396168,00164830,-0.2323921725239617,-0.03892832647462282
2022Q4,-0.03017832647462282,00164830,-0.03892832647462282,0.08743104667609616
2023Q1,0.09618104667609617,00164830,0.08743104667609616,0.4944758064516129
2023Q2,0.5032258064516129,00164830,0.4944758064516129,-0.055960300429184505
2023Q3,-0.047210300429184504,00164830,-0.055960300429184505,0.08043918918918916
2023Q4,0.08918918918918917,00164830,0.08043918918918916,-0.02942824648469807
2024Q1,-0.02067824648469807,00164830,-0.02942824648469807,0.33246621621621625
2024Q2,0.34121621621621623,00164830,0.33246621621621625,0.17323992443324945
2024Q3,0.18198992443324946,00164830,0.17323992443324945,0.20595431539690992
2024Q4,0.21470431539690993,00164830,0.20595431539690992,-0.127171052631579
2025Q1,-0.11842105263157898,00164830,-0.127171052631579,0.8121455223880596
2025Q2,0.8208955223880596,00164830,0.8121455223880596,0.11420081967213117
2025Q3,0.12295081967213117,00164830,0.11420081967213117,-0.01848236009732359
2025Q4,-0.009732360097323589,00164830,-0.01848236009732359,-0.1635411547911548
2026Q1,-0.1547911547911548,00164830,-0.1635411547911548,0.19764534883720922
2020Q2,0.515748031496063,00172228,0.5069980314960629,-0.09533008658008654
2020Q3,-0.08658008658008653,00172228,-0.09533008658008654,0.0765580568720379
2020Q4,0.08530805687203791,00172228,0.0765580568720379,0.2052237991266375
2021Q1,0.2139737991266375,00172228,0.2052237991266375,0.01642985611510798
2021Q2,0.02517985611510798,00172228,0.01642985611510798,-0.18769736842105264
2021Q3,-0.17894736842105263,00172228,-0.18769736842105264,-0.1155876068376068
2021Q4,-0.10683760683760679,00172228,-0.1155876068376068,-0.003965311004784776
2022Q1,0.004784688995215225,00172228,-0.003965311004784776,-0.13732142857142857
2022Q2,-0.12857142857142856,00172228,-0.13732142857142857,-0.04590846994535521
2022Q3,-0.03715846994535521,00172228,-0.04590846994535521,-0.021235811577752527
2022Q4,-0.012485811577752526,00172228,-0.021235811577752527,0.07975574712643677
2023Q1,0.08850574712643677,00172228,0.07975574712643677,0.054607972544878515
2023Q2,0.06335797254487852,00172228,0.054607972544878515,-0.028610973187686205
2023Q3,-0.019860973187686204,00172228,-0.028610973187686205,0.009487082066869358
2023Q4,0.01823708206686936,00172228,0.009487082066869358,-0.12118781094527362
2024Q1,-0.11243781094527361,00172228,-0.12118781094527362,0.05403026905829592
2024Q2,0.06278026905829592,00172228,0.05403026905829592,-0.1648681434599156
2024Q3,-0.1561181434599156,00172228,-0.1648681434599156,0.0687499999999999
2024Q4,0.0774999999999999,00172228,0.0687499999999999,-0.08183584686774945
2025Q1,-0.07308584686774944,00172228,-0.08183584686774945,0.0475704005006257
2025Q2,0.0563204005006257,00172228,0.0475704005006257,0.5398281990521328
2025Q3,0.5485781990521328,00172228,0.5398281990521328,-0.1158655317521041
2025Q4,-0.10711553175210409,00172228,-0.1158655317521041,-0.0850139245929735
2026Q1,-0.07626392459297349,00172228,-0.0850139245929735,0.07566558441558449
2020Q2,0.11224489795918369,00177870,0.10349489795918368,0.10745795107033643
2020Q3,0.11620795107033643,00177870,0.10745795107033643,0.3446746575342466
2020Q4,0.35342465753424657,00177870,0.3446746575342466,-0.07150303643724695
2021Q1,-0.06275303643724695,00177870,-0.07150303643724695,0.5700836933045357
2021Q2,0.5788336933045357,00177870,0.5700836933045357,-0.21942031463748288
2021Q3,-0.21067031463748287,00177870,-0.21942031463748288,-0.14566507798960135
2021Q4,-0.13691507798960134,00177870,-0.14566507798960135,-0.020798192771084377
2022Q1,-0.012048192771084376,00177870,-0.020798192771084377,-0.17541666666666664
2022Q2,-0.16666666666666663,00177870,-0.17541666666666664,-0.2941158536585366
2022Q3,-0.2853658536585366,00177870,-0.2941158536585366,0.028792662116040847
2022Q4,0.03754266211604085,00177870,0.028792662116040847,-0.04164473684210531
2023Q1,-0.03289473684210531,00177870,-0.04164473684210531,1.297372448979592
2023Q2,1.306122448979592,00177870,1.297372448979592,-0.17394174041297936
2023Q3,-0.16519174041297935,00177870,-0.17394174041297936,-0.23843197879858655
2023Q4,-0.22968197879858654,00177870,-0.23843197879858655,0.07840596330275232
2024Q1,0.08715596330275233,00177870,0.07840596330275232,-0.12056434599156116
2024Q2,-0.11181434599156115,00177870,-0.12056434599156116,-0.08951009501187654
2024Q3,-0.08076009501187653,00177870,-0.08951009501187654,-0.2128843669250646
2024Q4,-0.2041343669250646,00177870,-0.2128843669250646,0.06267857142857139
2025Q1,0.0714285714285714,00177870,0.06267857142857139,0.7033712121212121
2025Q2,0.7121212121212122,00177870,0.7033712121212121,-0.20874999999999996
2025Q3,-0.19999999999999996,00177870,-0.20874999999999996,0.024435840707964597
2025Q4,0.0331858407079646,00177870,0.024435840707964597,0.3252971092077089
2026Q1,0.33404710920770886,00177870,0.3252971092077089,-0.2864386035313002
2025Q4,-0.17181705809641534,00182696,-0.18056705809641535,0.27035447761194026
2026Q1,0.27910447761194024,00182696,0.27035447761194026,-0.2596251458576429
2020Q2,0.05879518072289147,00232089,0.05004518072289147,0.418195835229859
2020Q3,0.42694583522985896,00232089,0.418195835229859,-0.05978668261562999
2020Q4,-0.05103668261562999,00232089,-0.05978668261562999,0.02721638655462181
2021Q1,0.03596638655462181,00232089,0.02721638655462181,-0.0123191109669046
2021Q2,-0.0035691109669045984,00232089,-0.0123191109669046,-0.06768845652881803
2021Q3,-0.05893845652881802,00232089,-0.06768845652881803,-0.20079152249134943
2021Q4,-0.19204152249134943,00232089,-0.20079152249134943,-0.280698608137045
2022Q1,-0.271948608137045,00232089,-0.280698608137045,-0.21463235294117652
2022Q2,-0.20588235294117652,00232089,-0.21463235294117652,-0.3272685185185185
2022Q3,-0.31851851851851853,00232089,-0.3272685185185185,0.35538043478260867
2022Q4,0.36413043478260865,00232089,0.35538043478260867,0.11156872509960161
2023Q1,0.12031872509960162,00232089,0.11156872509960161,0.258675320056899
2023Q2,0.267425320056899,00232089,0.258675320056899,-0.24724607182940514
2023Q3,-0.23849607182940513,00232089,-0.24724607182940514,-0.06549281503316137
2023Q4,-0.056742815033161365,00232089,-0.06549281503316137,-0.30406249999999996
2024Q1,-0.2953125,00232089,-0.30406249999999996,0.19080654101995556
2024Q2,0.19955654101995557,00232089,0.19080654101995556,-0.2906353974121996
2024Q3,-0.28188539741219965,00232089,-0.2906353974121996,-0.2751592664092664
2024Q4,-0.26640926640926643,00232089,-0.2751592664092664,-0.4789254385964912
2025Q1,-0.47017543859649125,00232089,-0.4789254385964912,-0.00875
2025Q2,0.0,00232089,-0.00875,-0.00875
2025Q3,0.0,00232089,-0.00875,-0.00875
2025Q4,0.0,00232089,-0.00875,-0.00875
2026Q1,0.0,00232089,-0.00875,-0.00875
2020Q2,0.2363315696649031,00250614,0.2275815696649031,0.5433184736091299
2020Q3,0.5520684736091299,00250614,0.5433184736091299,0.0022794117647058423
2020Q4,0.011029411764705843,00250614,0.0022794117647058423,-0.02329545454545453
2021Q1,-0.014545454545454528,00250614,-0.02329545454545453,0.07427583025830267
2021Q2,0.08302583025830268,00250614,0.07427583025830267,-0.15185051107325384
2021Q3,-0.14310051107325383,00250614,-0.15185051107325384,-0.1180939363817097
2021Q4,-0.1093439363817097,00250614,-0.1180939363817097,0.10397321428571418
2022Q1,0.11272321428571419,00250614,0.10397321428571418,-0.13011409227683055
2022Q2,-0.12136409227683054,00250614,-0.13011409227683055,-0.07267694063926941
2022Q3,-0.0639269406392694,00250614,-0.07267694063926941,-0.1185060975609756
2022Q4,-0.1097560975609756,00250614,-0.1185060975609756,0.014537671232876671
2023Q1,0.023287671232876672,00250614,0.014537671232876671,0.09432898259705483
2023Q2,0.10307898259705484,00250614,0.09432898259705483,-0.04637135922330101
2023Q3,-0.03762135922330101,00250614,-0.04637135922330101,0.05430170239596469
2023Q4,0.06305170239596469,00250614,0.05430170239596469,-0.06924822064056943
2024Q1,-0.06049822064056942,00250614,-0.06924822064056943,0.17685606060606054
2024Q2,0.18560606060606055,00250614,0.17685606060606054,-0.12483093716719915
2024Q3,-0.11608093716719914,00250614,-0.12483093716719915,0.1008885542168674
2024Q4,0.10963855421686741,00250614,0.1008885542168674,-0.04892372421281218
2025Q1,-0.04017372421281218,00250614,-0.04892372421281218,0.31477941176470586
2025Q2,0.32352941176470584,00250614,0.31477941176470586,0.9724465811965812
2025Q3,0.9811965811965813,00250614,0.9724465811965812,0.17761755823986183
2025Q4,0.18636755823986184,00250614,0.17761755823986183,-0.24656818181818183
2026Q1,-0.23781818181818182,00250614,-0.24656818181818183,-0.05455152671755722
2020Q2,0.33404482390608314,00288343,0.32529482390608316,0.19924999999999995
2020Q3,0.20799999999999996,00288343,0.19924999999999995,-0.011399006622516548
2020Q4,-0.0026490066225165476,00288343,-0.011399006622516548,0.09483565737051783
2021Q1,0.10358565737051784,00288343,0.09483565737051783,0.06826564380264746
2021Q2,0.07701564380264747,00288343,0.06826564380264746,-0.06908519553072631
2021Q3,-0.060335195530726304,00288343,-0.06908519553072631,-0.09911860879904874
2021Q4,-0.09036860879904873,00288343,-0.09911860879904874,-0.0296650326797386
2022Q1,-0.0209150326797386,00288343,-0.0296650326797386,-0.34386348464619493
2022Q2,-0.33511348464619495,00288343,-0.34386348464619493,0.5073142570281124
2022Q3,0.5160642570281124,00288343,0.5073142570281124,-0.41272350993377477
2022Q4,-0.4039735099337748,00288343,-0.41272350993377477,-0.07874999999999996
2023Q1,-0.06999999999999995,00288343,-0.07874999999999996,0.4129943249701314
2023Q2,0.42174432497013137,00288343,0.4129943249701314,-0.27933823529411766
2023Q3,-0.2705882352941177,00288343,-0.27933823529411766,-0.32787442396313365
2023Q4,-0.3191244239631337,00288343,-0.32787442396313365,-0.030746615905245377
2024Q1,-0.021996615905245376,00288343,-0.030746615905245377,-0.19041089965397925
2024Q2,-0.18166089965397925,00288343,-0.19041089965397925,-0.23031448202959834
2024Q3,-0.22156448202959833,00288343,-0.23031448202959834,-0.06361148832156435
2024Q4,-0.054861488321564345,00288343,-0.06361148832156435,-0.569669540229885
2025Q1,-0.560919540229885,00288343,-0.569669540229885,-0.00875
2025Q2,0.0,00288343,-0.00875,-0.00875
2025Q3,0.0,00288343,-0.00875,-0.00875
2025Q4,0.0,00288343,-0.00875,-0.00875
2026Q1,0.0,00288343,-0.00875,-0.00875
2020Q2,0.4406028368794326,00328191,0.4318528368794326,-0.25428846153846146
2020Q3,-0.24553846153846148,00328191,-0.25428846153846146,0.22045065252854815
2020Q4,0.22920065252854815,00328191,0.22045065252854815,0.20691025215660244
2021Q1,0.21566025215660245,00328191,0.20691025215660244,0.2172325327510918
2021Q2,0.2259825327510918,00328191,0.2172325327510918,-0.08354964381121996
2021Q3,-0.07479964381121995,00328191,-0.08354964381121996,-0.11269610202117417
2021Q4,-0.10394610202117416,00328191,-0.11269610202117417,0.01219522019334044
2022Q1,0.02094522019334044,00328191,0.01219522019334044,0.15958245660178852
2022Q2,0.16833245660178853,00328191,0.15958245660178852,-0.20145598829356146
2022Q3,-0.19270598829356145,00328191,-0.20145598829356146,-0.0472329894032348
2022Q4,-0.0384829894032348,00328191,-0.0472329894032348,0.001110788863109037
2023Q1,0.009860788863109038,00328191,0.001110788863109037,0.4427146754738656
2023Q2,0.4514646754738656,00328191,0.4427146754738656,0.07672685001978621
2023Q3,0.08547685001978622,00328191,0.07672685001978621,0.06671481954064887
2023Q4,0.07546481954064888,00328191,0.06671481954064887,0.23870762711864416
2024Q1,0.24745762711864416,00328191,0.23870762711864416,0.1950543478260869
2024Q2,0.20380434782608692,00328191,0.1950543478260869,-0.15547686230248312
2024Q3,-0.1467268623024831,00328191,-0.15547686230248312,0.11823412698412697
2024Q4,0.12698412698412698,00328191,0.11823412698412697,-0.14020539906103288
2025Q1,-0.13145539906103287,00328191,-0.14020539906103288,0.18989864864864872
2025Q2,0.19864864864864873,00328191,0.18989864864864872,0.3486344419391206
2025Q3,0.35738444193912056,00328191,0.3486344419391206,-0.3110755813953488
2025Q4,-0.3023255813953488,00328191,-0.3110755813953488,-0.2313690476190476
2026Q1,-0.2226190476190476,00328191,-0.2313690476190476,0.2760892036753447
2020Q2,0.033653846153846256,00356839,0.024903846153846255,1.2367505055611727
2020Q3,1.2455005055611728,00356839,1.2367505055611727,-0.28387608069164266
2020Q4,-0.2751260806916427,00356839,-0.28387608069164266,-0.08664787551248607
2021Q1,-0.07789787551248606,00356839,-0.08664787551248607,-0.06951529237402318
2021Q2,-0.06076529237402317,00356839,-0.06951529237402318,-0.16712039162243583
2021Q3,-0.15837039162243582,00356839,-0.16712039162243583,-0.16078681608999487
2021Q4,-0.15203681608999486,00356839,-0.16078681608999487,-0.14101130653266333
2022Q1,-0.13226130653266333,00356839,-0.14101130653266333,-0.3814625318508223
2022Q2,-0.3727125318508223,00356839,-0.3814625318508223,0.9598615214180206
2022Q3,0.9686115214180206,00356839,0.9598615214180206,-0.3756605233539673
2022Q4,-0.36691052335396734,00356839,-0.3756605233539673,-0.565787037037037
2023Q1,-0.557037037037037,00356839,-0.565787037037037,-0.062261705685618694
2023Q2,-0.05351170568561869,00356839,-0.062261705685618694,-0.3599867491166077
2023Q3,-0.35123674911660774,00356839,-0.3599867491166077,0.1949537037037037
2023Q4,0.20370370370370372,00356839,0.1949537037037037,-0.31191742081447965
2024Q1,-0.30316742081447967,00356839,-0.31191742081447965,-0.32823051948051946
2024Q2,-0.3194805194805195,00356839,-0.32823051948051946,-0.22439885496183207
2024Q3,-0.21564885496183206,00356839,-0.22439885496183207,-0.23016119221411188
2024Q4,-0.22141119221411187,00356839,-0.23016119221411188,-0.14312500000000003
2025Q1,-0.13437500000000002,00356839,-0.14312500000000003,-0.4744539711191335
2025Q2,-0.46570397111913353,00356839,-0.4744539711191335,0.02503378378378377
2025Q3,0.03378378378378377,00356839,0.02503378378378377,-0.00875
2025Q4,0.0,00356839,-0.00875,-0.00875
2026Q1,0.0,00356839,-0.00875,-0.00875
2020Q2,0.9365239294710328,00361008,0.9277739294710328,-0.00979058272632679
2020Q3,-0.0010405827263267886,00361008,-0.00979058272632679,0.7073958333333332
2020Q4,0.7161458333333333,00361008,0.7073958333333332,0.10551403641881632
2021Q1,0.11426403641881633,00361008,0.10551403641881632,0.011405249897861881
2021Q2,0.020155249897861882,00361008,0.011405249897861881,-0.1741484781738086
2021Q3,-0.1653984781738086,00361008,-0.1741484781738086,0.03763515674984012
2021Q4,0.04638515674984012,00361008,0.03763515674984012,0.09198372057474782
2022Q1,0.10073372057474783,00361008,0.09198372057474782,0.11581603249548669
2022Q2,0.1245660324954867,00361008,0.11581603249548669,-0.1270508150160534
2022Q3,-0.11830081501605338,00361008,-0.1270508150160534,0.030465686274509886
2022Q4,0.03921568627450989,00361008,0.030465686274509886,-0.004706873315363867
2023Q1,0.0040431266846361336,00361008,-0.004706873315363867,0.34963926174496646
2023Q2,0.35838926174496644,00361008,0.34963926174496646,-0.13523221343873523
2023Q3,-0.12648221343873522,00361008,-0.13523221343873523,0.09871606334841634
2023Q4,0.10746606334841635,00361008,0.09871606334841634,-0.005685648621041893
2024Q1,0.003064351378958108,00361008,-0.005685648621041893,0.5828996945010183
2024Q2,0.5916496945010183,00361008,0.5828996945010183,-0.1475855726167626
2024Q3,-0.1388355726167626,00361008,-0.1475855726167626,0.36123514115898964
2024Q4,0.3699851411589896,00361008,0.36123514115898964,0.14363611713665939
2025Q1,0.1523861171366594,00361008,0.14363611713665939,0.33007352941176477
2025Q2,0.33882352941176475,00361008,0.33007352941176477,0.5694573813708259
2025Q3,0.578207381370826,00361008,0.5694573813708259,-0.05217984409799555
2025Q4,-0.04342984409799555,00361008,-0.05217984409799555,0.005219732246798649
2026Q1,0.01396973224679865,00361008,0.005219732246798649,0.5297115384615385
2020Q2,0.3507298450482821,00373571,0.3419798450482821,0.1629265312229833
2020Q3,0.17167653122298332,00373571,0.1629265312229833,-0.15802490989584814
2020Q4,-0.14927490989584813,00373571,-0.15802490989584814,0.20976753010641483
2021Q1,0.21851753010641484,00373571,0.20976753010641483,0.19620517076175473
2021Q2,0.20495517076175473,00373571,0.19620517076175473,-0.27560827236788293
2021Q3,-0.26685827236788295,00373571,-0.27560827236788293,0.7112400832080821
2021Q4,0.7199900832080821,00373571,0.7112400832080821,-0.0750274879958199
2022Q1,-0.0662774879958199,00373571,-0.0750274879958199,-0.4290556557899002
2022Q2,-0.4203056557899002,00373571,-0.4290556557899002,-0.368568917164589
2022Q3,-0.359818917164589,00373571,-0.368568917164589,-0.04902142262895178
2022Q4,-0.04027142262895178,00373571,-0.04902142262895178,-0.13812830150345387
2023Q1,-0.12937830150345386,00373571,-0.13812830150345387,-0.1151938843772364
2023Q2,-0.1064438843772364,00373571,-0.1151938843772364,-0.35344670589873944
2023Q3,-0.34469670589873946,00373571,-0.35344670589873944,0.09274317179446293
2023Q4,0.10149317179446293,00373571,0.09274317179446293,0.17616002942737222
2024Q1,0.18491002942737222,00373571,0.17616002942737222,-0.3098655443367803
2024Q2,-0.30111554433678034,00373571,-0.3098655443367803,-0.3095189619014331
2024Q3,-0.3007689619014331,00373571,-0.3095189619014331,-0.5345352203615763
2024Q4,-0.5257852203615763,00373571,-0.5345352203615763,-0.612579936753338
2025Q1,-0.603829936753338,00373571,-0.612579936753338,-0.13247505543237256
2025Q2,-0.12372505543237255,00373571,-0.13247505543237256,-0.00875
2025Q3,0.0,00373571,-0.00875,-0.00875
2025Q4,0.0,00373571,-0.00875,-0.00875
2026Q1,0.0,00373571,-0.00875,-0.00875
2020Q2,0.3323353293413174,00406046,0.3235853293413174,0.8069803370786517
2020Q3,0.8157303370786517,00406046,0.8069803370786517,-0.053304455445544595
2020Q4,-0.044554455445544594,00406046,-0.053304455445544595,0.11948834196891192
2021Q1,0.12823834196891193,00406046,0.11948834196891192,0.9016977611940298
2021Q2,0.9104477611940298,00406046,0.9016977611940298,-0.38375
2021Q3,-0.375,00406046,-0.38375,-0.09721153846153849
2021Q4,-0.08846153846153848,00406046,-0.09721153846153849,0.035553797468354444
2022Q1,0.044303797468354444,00406046,0.035553797468354444,-0.10066919191919196
2022Q2,-0.09191919191919196,00406046,-0.10066919191919196,-0.19006256952169073
2022Q3,-0.18131256952169073,00406046,-0.19006256952169073,0.9151630434782609
2022Q4,0.923913043478261,00406046,0.9151630434782609,-0.15281779661016945
2023Q1,-0.14406779661016944,00406046,-0.15281779661016945,0.19752062706270637
2023Q2,0.20627062706270638,00406046,0.19752062706270637,0.28947161422708617
2023Q3,0.29822161422708615,00406046,0.28947161422708617,0.22412671232876716
2023Q4,0.23287671232876717,00406046,0.22412671232876716,-0.020715811965811924
2024Q1,-0.011965811965811923,00406046,-0.020715811965811924,0.5924610726643598
2024Q2,0.6012110726643598,00406046,0.5924610726643598,0.02150391680172884
2024Q3,0.030253916801728842,00406046,0.02150391680172884,0.27336851074986895
2024Q4,0.28211851074986893,00406046,0.27336851074986895,0.07509458077709621
2025Q1,0.08384458077709622,00406046,0.07509458077709621,0.8893632075471698
2025Q2,0.8981132075471698,00406046,0.8893632075471698,0.6393613320079523
2025Q3,0.6481113320079523,00406046,0.6393613320079523,0.07086399276236424
2025Q4,0.07961399276236425,00406046,0.07086399276236424,-0.2411522346368715
2026Q1,-0.23240223463687149,00406046,-0.2411522346368715,0.05675218340611358
2020Q2,1.367622259696459,00415628,1.3588722596964589,0.30369064577397903
2020Q3,0.312440645773979,00415628,0.30369064577397903,0.2014526049204051
2020Q4,0.2102026049204051,00415628,0.2014526049204051,-0.04014013452914796
2021Q1,-0.03139013452914796,00415628,-0.04014013452914796,0.1656327160493827
2021Q2,0.1743827160493827,00415628,0.1656327160493827,-0.21637155059132726
2021Q3,-0.20762155059132725,00415628,-0.21637155059132726,-0.030308872305140976
2021Q4,-0.021558872305140975,00415628,-0.030308872305140976,0.150572033898305
2022Q1,0.15932203389830502,00415628,0.150572033898305,-0.05845760233918126
2022Q2,-0.049707602339181256,00415628,-0.05845760233918126,-0.05336538461538461
2022Q3,-0.04461538461538461,00415628,-0.05336538461538461,-0.17944243156199677
2022Q4,-0.17069243156199676,00415628,-0.17944243156199677,0.11940533980582527
2023Q1,0.12815533980582527,00415628,0.11940533980582527,0.11173192771084331
2023Q2,0.12048192771084332,00415628,0.11173192771084331,-0.21612327188940092
2023Q3,-0.2073732718894009,00415628,-0.21612327188940092,-0.08723837209302329
2023Q4,-0.07848837209302328,00415628,-0.08723837209302329,0.3372016298633019
2024Q1,0.34595162986330186,00415628,0.3372016298633019,0.56
2024Q2,0.5687500000000001,00415628,0.56,-0.2766782868525896
2024Q3,-0.2679282868525896,00415628,-0.2766782868525896,0.13954931972789122
2024Q4,0.14829931972789123,00415628,0.13954931972789122,-0.2291291469194313
2025Q1,-0.22037914691943128,00415628,-0.2291291469194313,0.7298518237082066
2025Q2,0.7386018237082066,00415628,0.7298518237082066,0.8793618881118881
2025Q3,0.8881118881118881,00415628,0.8793618881118881,-0.20319444444444443
2025Q4,-0.19444444444444442,00415628,-0.20319444444444443,-0.11679597701149422
2026Q1,-0.10804597701149421,00415628,-0.11679597701149422,-0.010682989690721643
2020Q2,0.3933102652825837,00480455,0.38456026528258375,-0.013716887417218514
2020Q3,-0.004966887417218513,00480455,-0.013716887417218514,0.20256447587354412
2020Q4,0.21131447587354413,00480455,0.20256447587354412,0.08740384615384625
2021Q1,0.09615384615384626,00480455,0.08740384615384625,0.8584179197994988
2021Q2,0.8671679197994988,00480455,0.8584179197994988,-0.3174748322147651
2021Q3,-0.3087248322147651,00480455,-0.3174748322147651,-0.07671116504854367
2021Q4,-0.06796116504854366,00480455,-0.07671116504854367,0.3402083333333333
2022Q1,0.34895833333333326,00480455,0.3402083333333333,0.11094111969111967
2022Q2,0.11969111969111967,00480455,0.11094111969111967,-0.11564655172413793
2022Q3,-0.10689655172413792,00480455,-0.11564655172413793,0.029860038610038532
2022Q4,0.03861003861003853,00480455,0.029860038610038532,-0.05856412639405203
2023Q1,-0.04981412639405203,00480455,-0.05856412639405203,0.10392605633802823
2023Q2,0.11267605633802824,00480455,0.10392605633802823,-0.08962201125175814
2023Q3,-0.08087201125175814,00480455,-0.08962201125175814,-0.10209353481254788
2023Q4,-0.09334353481254787,00480455,-0.10209353481254788,0.08576476793248936
2024Q1,0.09451476793248936,00480455,0.08576476793248936,0.30967713955281423
2024Q2,0.3184271395528142,00480455,0.30967713955281423,0.050899122807017506
2024Q3,0.05964912280701751,00480455,0.050899122807017506,0.10052152317880794
2024Q4,0.10927152317880795,00480455,0.10052152317880794,0.02607587064676612
2025Q1,0.03482587064676612,00480455,0.02607587064676612,0.024903846153846255
2025Q2,0.033653846153846256,00480455,0.024903846153846255,0.8307848837209302
2025Q3,0.8395348837209302,00480455,0.8307848837209302,-0.1490786978508217
2025Q4,-0.1403286978508217,00480455,-0.1490786978508217,-0.10727941176470587
2026Q1,-0.09852941176470587,00480455,-0.10727941176470587,0.33545880913539966
2020Q2,0.4824281150159744,00482426,0.4736781150159744,-0.15637931034482763
2020Q3,-0.14762931034482762,00482426,-0.15637931034482763,0.7611615044247788
2020Q4,0.7699115044247788,00482426,0.7611615044247788,0.3098214285714285
2021Q1,0.3185714285714285,00482426,0.3098214285714285,0.36719799566630545
2021Q2,0.37594799566630543,00482426,0.36719799566630545,-0.12292322834645672
2021Q3,-0.11417322834645671,00482426,-0.12292322834645672,0.21791666666666656
2021Q4,0.22666666666666657,00482426,0.21791666666666656,0.14704710144927538
2022Q1,0.1557971014492754,00482426,0.14704710144927538,-0.06517633228840122
2022Q2,-0.056426332288401215,00482426,-0.06517633228840122,-0.12502906976744185
2022Q3,-0.11627906976744184,00482426,-0.12502906976744185,-0.061381578947368474
2022Q4,-0.052631578947368474,00482426,-0.061381578947368474,-0.21668650793650798
2023Q1,-0.20793650793650797,00482426,-0.21668650793650798,0.15758266533066137
2023Q2,0.16633266533066138,00482426,0.15758266533066137,-0.08950601374570452
2023Q3,-0.08075601374570451,00482426,-0.08950601374570452,0.07910046728971956
2023Q4,0.08785046728971957,00482426,0.07910046728971956,0.04107817869415812
2024Q1,0.04982817869415812,00482426,0.04107817869415812,0.89796031096563
2024Q2,0.90671031096563,00482426,0.89796031096563,-0.12248390557939912
2024Q3,-0.11373390557939911,00482426,-0.12248390557939912,0.44645581113801464
2024Q4,0.4552058111380146,00482426,0.44645581113801464,0.06446131447587347
2025Q1,0.07321131447587348,00482426,0.06446131447587347,0.11218023255813961
2025Q2,0.12093023255813962,00482426,0.11218023255813961,0.5209872060857537
2025Q3,0.5297372060857537,00482426,0.5209872060857537,-0.17330696202531645
2025Q4,-0.16455696202531644,00482426,-0.17330696202531645,-0.00875
2026Q1,0.0,00482426,-0.00875,0.13302489177489177
2020Q2,1.679151061173533,00526678,1.670401061173533,-0.20865680335507927
2020Q3,-0.19990680335507927,00526678,-0.20865680335507927,0.021244175888176987
2020Q4,0.029994175888176988,00526678,0.021244175888176987,-0.42633552445575346
2021Q1,-0.4175855244557535,00526678,-0.42633552445575346,0.7305703883495145
2021Q2,0.7393203883495145,00526678,0.7305703883495145,0.05181377337426744
2021Q3,0.06056377337426744,00526678,0.05181377337426744,-0.15743421052631576
2021Q4,-0.14868421052631575,00526678,-0.15743421052631576,0.1674478361669243
2022Q1,0.1761978361669243,00526678,0.1674478361669243,-0.14541228646517743
2022Q2,-0.13666228646517742,00526678,-0.14541228646517743,-0.19900875190258757
2022Q3,-0.19025875190258756,00526678,-0.19900875190258757,-0.07078007518796989
2022Q4,-0.06203007518796988,00526678,-0.07078007518796989,0.029326152304609145
2023Q1,0.038076152304609145,00526678,0.029326152304609145,0.17464768339768336
2023Q2,0.18339768339768336,00526678,0.17464768339768336,-0.23060970636215336
2023Q3,-0.22185970636215335,00526678,-0.23060970636215336,-0.042292976939203385
2023Q4,-0.033542976939203384,00526678,-0.042292976939203385,0.041141540130151845
2024Q1,0.049891540130151846,00526678,0.041141540130151845,0.1214152892561984
2024Q2,0.1301652892561984,00526678,0.1214152892561984,-0.03251599634369292
2024Q3,-0.02376599634369292,00526678,-0.03251599634369292,0.13544475655430713
2024Q4,0.14419475655430714,00526678,0.13544475655430713,0.03216653027823239
2025Q1,0.04091653027823239,00526678,0.03216653027823239,0.06357704402515732
2025Q2,0.07232704402515733,00526678,0.06357704402515732,0.4868511730205279
2025Q3,0.49560117302052786,00526678,0.4868511730205279,-0.12443627450980396
2025Q4,-0.11568627450980395,00526678,-0.12443627450980396,0.011205654101995623
2026Q1,0.019955654101995624,00526678,0.011205654101995623,-0.10657608695652174
2020Q2,0.06029711622487621,00528515,0.05154711622487621,0.011304945054944983
2020Q3,0.020054945054944984,00528515,0.011304945054944983,0.13857022623215734
2020Q4,0.14732022623215735,00528515,0.13857022623215734,0.19148474178403754
2021Q1,0.20023474178403755,00528515,0.19148474178403754,0.1700100234695874
2021Q2,0.17876002346958741,00528515,0.1700100234695874,-0.021525842044134734
2021Q3,-0.012775842044134733,00528515,-0.021525842044134734,-0.15664915966386558
2021Q4,-0.14789915966386558,00528515,-0.15664915966386558,0.1687647928994083
2022Q1,0.1775147928994083,00528515,0.1687647928994083,-0.11762772194304857
2022Q2,-0.10887772194304857,00528515,-0.11762772194304857,-0.12341165413533836
2022Q3,-0.11466165413533835,00528515,-0.12341165413533836,0.22054936305732478
2022Q4,0.2292993630573248,00528515,0.22054936305732478,0.022338082901554514
2023Q1,0.031088082901554515,00528515,0.022338082901554514,0.14032872696817414
2023Q2,0.14907872696817415,00528515,0.14032872696817414,-0.14723396501457728
2023Q3,-0.13848396501457727,00528515,-0.14723396501457728,0.1130774111675126
2023Q4,0.12182741116751261,00528515,0.1130774111675126,-0.09321455505279039
2024Q1,-0.08446455505279038,00528515,-0.09321455505279039,0.1543471993410215
2024Q2,0.16309719934102151,00528515,0.1543471993410215,-0.07957152974504253
2024Q3,-0.07082152974504252,00528515,-0.07957152974504253,0.23362804878048785
2024Q4,0.24237804878048785,00528515,0.23362804878048785,0.005973926380368012
2025Q1,0.014723926380368013,00528515,0.005973926380368012,0.054127871825876674
2025Q2,0.06287787182587667,00528515,0.054127871825876674,0.6909087030716723
2025Q3,0.6996587030716723,00528515,0.6909087030716723,0.1291348728246318
2025Q4,0.1378848728246318,00528515,0.1291348728246318,-0.16639705882352937
2026Q1,-0.15764705882352936,00528515,-0.16639705882352937,0.485663407821229
2020Q2,0.0793650793650793,00618410,0.0706150793650793,-0.1320531674208145
2020Q3,-0.12330316742081449,00618410,-0.1320531674208145,-0.015201612903225824
2020Q4,-0.006451612903225823,00618410,-0.015201612903225824,0.3289123376623376
2021Q1,0.33766233766233755,00618410,0.3289123376623376,0.2291140776699028
2021Q2,0.2378640776699028,00618410,0.2291140776699028,-0.22443627450980394
2021Q3,-0.21568627450980393,00618410,-0.22443627450980394,-0.05575000000000004
2021Q4,-0.04700000000000004,00618410,-0.05575000000000004,0.04581453305351516
2022Q1,0.05456453305351516,00618410,0.04581453305351516,-0.24556592039800992
2022Q2,-0.23681592039800992,00618410,-0.24556592039800992,-0.22387385919165578
2022Q3,-0.21512385919165578,00618410,-0.22387385919165578,-0.11174003322259138
2022Q4,-0.10299003322259137,00618410,-0.11174003322259138,-0.4068981481481481
2023Q1,-0.39814814814814814,00618410,-0.4068981481481481,4.8097115384615385
2023Q2,4.818461538461539,00618410,4.8097115384615385,0.05682377049180335
2023Q3,0.06557377049180335,00618410,0.05682377049180335,0.05328473945409432
2023Q4,0.06203473945409432,00618410,0.05328473945409432,0.3043341121495327
2024Q1,0.3130841121495327,00618410,0.3043341121495327,-0.06924822064056943
2024Q2,-0.06049822064056942,00618410,-0.06924822064056943,-0.23981060606060609
2024Q3,-0.23106060606060608,00618410,-0.23981060606060609,0.05775246305418728
2024Q4,0.06650246305418728,00618410,0.05775246305418728,-0.06879618937644347
2025Q1,-0.06004618937644346,00618410,-0.06879618937644347,0.07478808353808344
2025Q2,0.08353808353808345,00618410,0.07478808353808344,-0.5643055555555556
2025Q3,-0.5555555555555556,00618410,-0.5643055555555556,-0.33323979591836733
2025Q4,-0.32448979591836735,00618410,-0.33323979591836733,0.5139086102719033
2026Q1,0.5226586102719033,00618410,0.5139086102719033,-0.27859126984126986
2024Q2,-0.14141978759083285,00667373,-0.15016978759083285,-0.28348958333333335
2024Q3,-0.27473958333333337,00667373,-0.28348958333333335,0.19681552962298035
2024Q4,0.20556552962298036,00667373,0.19681552962298035,0.0336922933730455
2025Q1,0.0424422933730455,00667373,0.0336922933730455,0.3155357142857143
2025Q2,0.3242857142857143,00667373,0.3155357142857143,0.42328883495145636
2025Q3,0.43203883495145634,00667373,0.42328883495145636,-0.3424599811676083
2025Q4,-0.3337099811676083,00667373,-0.3424599811676083,-0.0019665065008480295
2026Q1,0.006783493499151971,00667373,-0.0019665065008480295,-0.0952182762492981
2026Q1,0.23859881031064112,00949161,0.2298488103106411,0.32529482390608316
2024Q3,-0.2023076923076923,01194689,-0.2110576923076923,0.5476627290260365
2024Q4,0.5564127290260366,01194689,0.5476627290260365,-0.17975371747211896
2025Q1,-0.17100371747211895,01194689,-0.17975371747211896,0.5271244394618835
2025Q2,0.5358744394618835,01194689,0.5271244394618835,0.013147810218978186
2025Q3,0.021897810218978186,01194689,0.013147810218978186,-0.08732142857142863
2025Q4,-0.07857142857142863,01194689,-0.08732142857142863,-0.08058462532299746
2026Q1,-0.07183462532299745,01194689,-0.08058462532299746,0.24960189309576844
2020Q2,0.24556962025316453,01205709,0.23681962025316453,-0.12257113821138207
2020Q3,-0.11382113821138207,01205709,-0.12257113821138207,0.2917087155963303
2020Q4,0.3004587155963303,01205709,0.2917087155963303,0.01946869488536155
2021Q1,0.02821869488536155,01205709,0.01946869488536155,0.20565823327615787
2021Q2,0.21440823327615788,01205709,0.20565823327615787,-0.09490819209039544
2021Q3,-0.08615819209039544,01205709,-0.09490819209039544,-0.1787654559505409
2021Q4,-0.1700154559505409,01205709,-0.1787654559505409,-0.006887802607076408
2022Q1,0.0018621973929235924,01205709,-0.006887802607076408,0.0953392193308549
2022Q2,0.10408921933085491,01205709,0.0953392193308549,-0.09797558922558922
2022Q3,-0.08922558922558921,01205709,-0.09797558922558922,0.046702865064695044
2022Q4,0.055452865064695045,01205709,0.046702865064695044,0.008763134851138367
2023Q1,0.017513134851138368,01205709,0.008763134851138367,0.02223106712564541
2023Q2,0.030981067125645412,01205709,0.02223106712564541,0.09809474123539233
2023Q3,0.10684474123539234,01205709,0.09809474123539233,-0.053998868778280494
2023Q4,-0.04524886877828049,01205709,-0.053998868778280494,0.1271109794628751
2024Q1,0.13586097946287512,01205709,0.1271109794628751,0.027411335187760767
2024Q2,0.03616133518776077,01205709,0.027411335187760767,0.018095637583892578
2024Q3,0.02684563758389258,01205709,0.018095637583892578,0.02654411764705892
2024Q4,0.03529411764705892,01205709,0.02654411764705892,-0.09334595959595957
2025Q1,-0.08459595959595956,01205709,-0.09334595959595957,0.7774568965517241
2025Q2,0.7862068965517242,01205709,0.7774568965517241,0.19124999999999995
2025Q3,0.19999999999999996,01205709,0.19124999999999995,0.20424871299871297
2025Q4,0.21299871299871298,01205709,0.20424871299871297,0.2591545092838197
2026Q1,0.2679045092838197,01205709,0.2591545092838197,0.14396966527196645
2025Q4,-0.2660098522167488,01294110,-0.27475985221674876,-0.06579697986577179
2026Q1,-0.057046979865771785,01294110,-0.06579697986577179,0.05352758007117434
2021Q4,-0.17575757575757578,01390344,-0.1845075757575758,0.2465021008403361
2022Q1,0.2552521008403361,01390344,0.2465021008403361,0.18790271966527186
2022Q2,0.19665271966527187,01390344,0.18790271966527186,-0.20455419580419584
2022Q3,-0.19580419580419584,01390344,-0.20455419580419584,-5.4347826087007556e-05
2022Q4,0.008695652173912993,01390344,-5.4347826087007556e-05,-0.14668103448275868
2023Q1,-0.13793103448275867,01390344,-0.14668103448275868,0.30824999999999997
2023Q2,0.31699999999999995,01390344,0.30824999999999997,-0.08847665148063785
2023Q3,-0.07972665148063784,01390344,-0.08847665148063785,0.05560643564356441
2023Q4,0.06435643564356441,01390344,0.05560643564356441,-0.09402131782945741
2024Q1,-0.0852713178294574,01390344,-0.09402131782945741,0.31074152542372874
2024Q2,0.3194915254237287,01390344,0.31074152542372874,0.17686335902376363
2024Q3,0.18561335902376364,01390344,0.17686335902376363,0.548671451787649
2024Q4,0.557421451787649,01390344,0.548671451787649,-0.038315217391304356
2025Q1,-0.029565217391304355,01390344,-0.038315217391304356,0.5270922939068099
2025Q2,0.5358422939068099,01390344,0.5270922939068099,0.19311697782963824
2025Q3,0.20186697782963825,01390344,0.19311697782963824,-0.020400485436893177
2025Q4,-0.011650485436893177,01390344,-0.020400485436893177,-0.09519400785854623
2026Q1,-0.08644400785854622,01390344,-0.09519400785854623,0.5052284946236558
2020Q2,0.007623888182973326,01396676,-0.0011261118170266746,0.008484131988230316
2020Q3,0.017234131988230317,01396676,0.008484131988230316,-0.00875
2020Q4,0.0,01396676,-0.00875,0.3280268595041323
2021Q1,0.3367768595041323,01396676,0.3280268595041323,0.1009872488408037
2021Q2,0.10973724884080371,01396676,0.1009872488408037,-0.20095055710306406
2021Q3,-0.19220055710306405,01396676,-0.20095055710306406,-0.10185344827586204
2021Q4,-0.09310344827586203,01396676,-0.10185344827586204,0.08630703422053235
2022Q1,0.09505703422053235,01396676,0.08630703422053235,0.21173611111111115
2022Q2,0.22048611111111116,01396676,0.21173611111111115,0.25725284495021344
2022Q3,0.2660028449502134,01396676,0.25725284495021344,-0.3188623595505618
2022Q4,-0.3101123595505618,01396676,-0.3188623595505618,-0.06738192182410427
2023Q1,-0.05863192182410426,01396676,-0.06738192182410427,0.306128892733564
2023Q2,0.31487889273356395,01396676,0.306128892733564,-0.16796052631578948
2023Q3,-0.15921052631578947,01396676,-0.16796052631578948,-0.1386404538341158
2023Q4,-0.1298904538341158,01396676,-0.1386404538341158,0.09736510791366906
2024Q1,0.10611510791366907,01396676,0.09736510791366906,-0.016880081300813053
2024Q2,-0.008130081300813052,01396676,-0.016880081300813053,-0.04645491803278686
2024Q3,-0.03770491803278686,01396676,-0.04645491803278686,0.4495123509369677
2024Q4,0.45826235093696766,01396676,0.4495123509369677,-0.09636682242990655
2025Q1,-0.08761682242990654,01396676,-0.09636682242990655,0.08728072983354676
2025Q2,0.09603072983354677,01396676,0.08728072983354676,0.7903154205607477
2025Q3,0.7990654205607477,01396676,0.7903154205607477,-0.23472402597402595
2025Q4,-0.22597402597402594,01396676,-0.23472402597402595,-0.15807885906040273
2026Q1,-0.14932885906040272,01396676,-0.15807885906040273,-0.14089990138067063
